assistance,description,estimated_take_up_2026_27,cost_2025_26_thousands,cost_2026_27_thousands
"Electricity, Gas and Water Rebate",$800 rebate on utility bills.,"33,200 households",25300,26600
"Pensioner General Rates Rebate, PFESL Rebate","50 per cent rates rebate up to $750 per year, $133 PFESL rebate per year.","15,500",11200,11700
Conveyance duty concessions,Up to 100 per cent discount on conveyance duty payable.,"6,200",107000,143500
Spectacles Subsidy Scheme,Subsidy up to $200 on spectacle purchases once every two years.,"9,200 spectacles",2000,2000
Taxi Subsidy Scheme,Assistance for people with disability or significant mobility restriction.,"161,100 trips",4900,5000
Motor vehicle registration concessions,Up to 100 per cent discount on motor vehicle registration fees.,"77,900 registrations",15400,15700
Driver licence concessions,Up to a 100 per cent discount on driver licence fees.,"6,800 licences",1600,1600
Public transport concessions,Reduced or free fares on Transport Canberra bus and light rail services.,Over 3.2 million trips,6100,6800
Total,,,173500,212900
